/*
SQLyog Community v13.1.1 (64 bit)
MySQL - 10.1.33-MariaDB : Database - inventory
*********************************************************************
*/

/*!40101 SET NAMES utf8 */;

/*!40101 SET SQL_MODE=''*/;

/*!40014 SET @OLD_UNIQUE_CHECKS=@@UNIQUE_CHECKS, UNIQUE_CHECKS=0 */;
/*!40014 SET @OLD_FOREIGN_KEY_CHECKS=@@FOREIGN_KEY_CHECKS, FOREIGN_KEY_CHECKS=0 */;
/*!40101 SET @OLD_SQL_MODE=@@SQL_MODE, SQL_MODE='NO_AUTO_VALUE_ON_ZERO' */;
/*!40111 SET @OLD_SQL_NOTES=@@SQL_NOTES, SQL_NOTES=0 */;
CREATE DATABASE /*!32312 IF NOT EXISTS*/`inventory` /*!40100 DEFAULT CHARACTER SET latin1 */;

USE `inventory`;

/*Table structure for table `category` */

DROP TABLE IF EXISTS `category`;

CREATE TABLE `category` (
  `id` varchar(20) NOT NULL,
  `name` varchar(50) DEFAULT NULL,
  PRIMARY KEY (`id`)
) ENGINE=InnoDB DEFAULT CHARSET=latin1;

/*Data for the table `category` */

insert  into `category`(`id`,`name`) values 
('K0001','Toner Depo'),
('K0002','Toner TMIS'),
('K0003','Tinta EPA'),
('K0004','Barcode');

/*Table structure for table `dept` */

DROP TABLE IF EXISTS `dept`;

CREATE TABLE `dept` (
  `id_dept` varchar(20) NOT NULL,
  `dept_nm` varchar(50) DEFAULT NULL,
  PRIMARY KEY (`id_dept`)
) ENGINE=InnoDB DEFAULT CHARSET=latin1;

/*Data for the table `dept` */

insert  into `dept`(`id_dept`,`dept_nm`) values 
('DEPT0001','GA'),
('DEPT0002','MTN'),
('DEPT0003','PURCH'),
('DEPT0004','IT');

/*Table structure for table `grgi_history` */

DROP TABLE IF EXISTS `grgi_history`;

CREATE TABLE `grgi_history` (
  `grgi_no` varchar(20) NOT NULL,
  `itm_cd` varchar(20) DEFAULT NULL,
  `cur_stock` int(11) DEFAULT NULL,
  `date` datetime DEFAULT NULL,
  `time` varchar(20) DEFAULT NULL,
  `incoming_qty` int(11) DEFAULT NULL,
  `request_qty` int(11) DEFAULT NULL,
  `header` varchar(20) DEFAULT NULL,
  `detail` varchar(20) DEFAULT NULL,
  PRIMARY KEY (`grgi_no`)
) ENGINE=InnoDB DEFAULT CHARSET=latin1;

/*Data for the table `grgi_history` */

insert  into `grgi_history`(`grgi_no`,`itm_cd`,`cur_stock`,`date`,`time`,`incoming_qty`,`request_qty`,`header`,`detail`) values 
('GG21040000001','BR00001',2,'2021-04-07 00:00:00','11:34:04',2,0,'IH21040001','6'),
('GG21040000002','BR00001',0,'2021-04-07 00:00:00','11:39:03',-2,0,'IH21040001','18'),
('GG21040000003','BR00001',5,'2021-04-07 00:00:00','12:03:47',5,0,'IH21040001','6'),
('GG21040000004','BR00002',5,'2021-04-07 00:00:00','14:25:35',5,0,'IH21040001','6'),
('GG21040000005','BR00001',7,'2021-04-07 00:00:00','15:28:30',2,0,'IH21040001','6'),
('GG21040000006','BR00001',5,'2021-04-07 00:00:00','15:28:56',-2,0,'IH21040001','21'),
('GG21040000007','BR00001',55,'2021-04-07 00:00:00','16:20:11',50,0,'IH21040001','6'),
('GG21040000008','BR00001',57,'2021-04-07 00:00:00','16:23:36',2,0,'IH21040001','6'),
('GG21040000009','BR00001',59,'2021-04-07 00:00:00','16:49:33',2,0,'IH21040001','6'),
('GG21040000010','BR00001',61,'2021-04-07 00:00:00','16:49:47',2,0,'IH21040001','6'),
('GG21040000011','BR00001',59,'2021-04-07 00:00:00','17:18:29',-2,0,'IH21040001','25'),
('GG21040000012','BR00001',57,'2021-04-07 00:00:00','17:19:20',-2,0,'IH21040001','24'),
('GG21040000013','BR00001',55,'2021-04-07 00:00:00','17:19:58',-2,0,'IH21040001','23'),
('GG21040000014','BR00001',5,'2021-04-07 00:00:00','17:20:02',-50,0,'IH21040001','22'),
('GG21040000015','BR00002',0,'2021-04-07 00:00:00','17:20:05',-5,0,'IH21040001','20'),
('GG21040000016','BR00015',50,'2021-04-07 00:00:00','17:20:14',50,0,'IH21040001','6'),
('GG21040000017','BR00015',0,'2021-04-08 00:00:00','08:39:04',-50,0,'IH21040001','26');

/*Table structure for table `incoming_d` */

DROP TABLE IF EXISTS `incoming_d`;

CREATE TABLE `incoming_d` (
  `id_sub` int(11) NOT NULL AUTO_INCREMENT,
  `id_h` int(11) NOT NULL,
  `rec_no` varchar(20) NOT NULL,
  `itm_cd` varchar(20) DEFAULT NULL,
  `qty` int(11) DEFAULT NULL,
  `rec_h` varchar(20) DEFAULT NULL,
  PRIMARY KEY (`id_sub`)
) ENGINE=InnoDB AUTO_INCREMENT=27 DEFAULT CHARSET=latin1;

/*Data for the table `incoming_d` */

insert  into `incoming_d`(`id_sub`,`id_h`,`rec_no`,`itm_cd`,`qty`,`rec_h`) values 
(19,6,'','BR00001',5,'IH21040001');

/*Table structure for table `incoming_h` */

DROP TABLE IF EXISTS `incoming_h`;

CREATE TABLE `incoming_h` (
  `id` int(11) NOT NULL AUTO_INCREMENT,
  `rec_h` varchar(20) NOT NULL,
  `date` date DEFAULT NULL,
  `date_create` datetime DEFAULT NULL,
  `user` varchar(20) DEFAULT NULL,
  `flag` int(11) DEFAULT NULL,
  `id_dept` varchar(20) DEFAULT NULL,
  PRIMARY KEY (`id`)
) ENGINE=InnoDB AUTO_INCREMENT=7 DEFAULT CHARSET=latin1;

/*Data for the table `incoming_h` */

insert  into `incoming_h`(`id`,`rec_h`,`date`,`date_create`,`user`,`flag`,`id_dept`) values 
(6,'IH21040001',NULL,'2021-04-07 06:32:37','admin',0,NULL);

/*Table structure for table `item` */

DROP TABLE IF EXISTS `item`;

CREATE TABLE `item` (
  `item_cd` varchar(20) NOT NULL,
  `item_nm` varchar(80) DEFAULT NULL,
  `qty` int(11) DEFAULT NULL,
  `id` varchar(20) DEFAULT NULL,
  `id_dept` varchar(20) DEFAULT NULL,
  `min` int(11) DEFAULT NULL,
  `max` int(11) DEFAULT NULL,
  `remark` varchar(20) DEFAULT NULL,
  `unit_cd` varchar(20) DEFAULT NULL,
  `stat` int(11) DEFAULT '1',
  PRIMARY KEY (`item_cd`)
) ENGINE=InnoDB DEFAULT CHARSET=latin1;

/*Data for the table `item` */

insert  into `item`(`item_cd`,`item_nm`,`qty`,`id`,`id_dept`,`min`,`max`,`remark`,`unit_cd`,`stat`) values 
('BR00001','CZ Depo',5,'K0001','DEPT0004',1,4,'Toner Depo 821000305','UNIT',1),
('BR00002','LX Depo',0,'K0001','DEPT0004',1,4,'812000663','UNIT',1),
('BR00003','LX',0,'K0002','DEPT0004',1,4,'812000663','UNIT',1),
('BR00004','CZ',0,'K0002','DEPT0004',1,4,'821000305','UNIT',1),
('BR00005','LQ2190 SO15086',0,'K0002','DEPT0004',1,3,'812000661','UNIT',1),
('BR00006','Epson 673 Y',0,'K0002','DEPT0004',1,2,'Printer ID Card','UNIT',1),
('BR00007','Epson 673 BK',0,'K0002','DEPT0004',1,2,'Printer ID Card','UNIT',1),
('BR00008','Epson 673 LM',0,'K0002','DEPT0004',1,2,'Printer ID Card','UNIT',1),
('BR00009','Epson 673 M',0,'K0002','DEPT0004',1,2,'Printer ID Card','UNIT',1),
('BR00010','Epson 673 C',0,'K0002','DEPT0004',1,2,'Printer ID Card','UNIT',1),
('BR00011','Epson 673 B',0,'K0001','DEPT0004',1,2,'Printer ID Card','UNIT',1),
('BR00012','Maintenance Box',0,'K0003','DEPT0004',1,2,'EPA','UNIT',1),
('BR00013','Black',0,'K0003','DEPT0004',1,2,'EPA','UNIT',1),
('BR00014','Yellow',0,'K0003','DEPT0004',1,2,'EPA','UNIT',1),
('BR00015','CYAN',0,'K0003','DEPT0004',1,2,'EPA','UNIT',1),
('BR00016','Magenta',0,'K0003','DEPT0004',1,2,'EPA','UNIT',1),
('BR00017','62012A010P Front Bumper',0,'K0004','DEPT0004',20,9999,'','PCS',1);

/*Table structure for table `karyawan` */

DROP TABLE IF EXISTS `karyawan`;

CREATE TABLE `karyawan` (
  `id` varchar(20) NOT NULL,
  `nik` varchar(20) DEFAULT NULL,
  `nama_karyawan` varchar(50) DEFAULT NULL,
  `dept` varchar(20) DEFAULT NULL,
  `flag` int(11) DEFAULT NULL,
  PRIMARY KEY (`id`)
) ENGINE=InnoDB DEFAULT CHARSET=latin1;

/*Data for the table `karyawan` */

insert  into `karyawan`(`id`,`nik`,`nama_karyawan`,`dept`,`flag`) values 
('00079','00079','AN NASHIR','PAINTING',1),
('00099','00099','FEBRI SURYONO','PAINTING',1),
('00102','20049','AHMAD SAFEI','PAINTING',1),
('00108','20055','GERY AGESTIAN','PAINTING',1),
('00109','20056','JUNARSIH','PAINTING',1),
('00114','20061','RINA KURNIASARI','PAINTING',1),
('00119','20065','SOFYAN ABDUL GANI','ASSEMBLING',1),
('00120','20066','UNAH','PAINTING',1),
('00123','20069','BALINDA SETIAWATI CHANDRA','FINANCE & ACCOUNT',1),
('00125','20070','DIAN ARISTIANA','MARKETING',1),
('00136','20080','IWAN RISMAWAN','LOGISTIC',1),
('00148','00148','WIDODO','ASSEMBLING',1),
('00197','00197','NURJAYA','PAINTING',1),
('00323','00323','TOYIB MUHAMAD TASLIM','ENGINEERING',1),
('00414','00414','AMIN SUYOGI','MANAGEMENT SECRETARI',1),
('00416','00416','SUNARTO','QUALITY ASSURANCE',1),
('00426','00426','NURLAELI PURNAMA','QUALITY ASSURANCE',1),
('00429','00429','PUJI BANA GINTING','LOGISTIC',1),
('00476','00476','WAWAN RUSWANTA','PURCHASING',1),
('00484','00484','KUSWANTO','ASSEMBLING',1),
('00486','00486','TRI ATMOKO ANDI P','PAINTING',1),
('00495','00495','AHMAD RIVAI','PAINTING',1),
('00519','00519','FERRY GUNAWAN','HRD',1),
('00522','00522','SURYADI','INJECTION',1),
('00523','00523','SUPARJO','MAINTENANCE',1),
('00524','00524','CANDRA SETIAWAN','IT',1),
('00525','00525','AGUS SAPTARI','GA',1),
('00531','00531','RINA INDRIYANI','HRD',1),
('00535','00535','MUHAMMAD TORIQUL FALAH','PLANNING',1),
('10845','10845','NORMAN','PAINTING',1),
('10946','10946','MOH. MUFID','QUALITY ASSURANCE',1),
('10952','10952','DENI HABIBI','PAINTING',1),
('11016','11016','NURAHMAN WAHID','INJECTION',1),
('11022','11022','ARTISTIAN DHIMAS PRAMUDYA','PAINTING',1),
('11053','11053','YUDHA PERMANA','ENGINEERING',1),
('11057','11057','ZAENUDIN','PAINTING',1),
('11143','11143','MOHAMMAD YONI AWALUDIN','PAINTING',1),
('20001','20001','NURUL EKO PURWANTO','GA',1),
('20006','20006','EKAL SAPUTRA','QUALITY ASSURANCE',1),
('20016','20016','ERIK SUPRIYANTO','ENGINEERING',1),
('20017','20017','MUHAMMAD','PLANNING',1),
('20018','20018','OMBY AL QAUTSAR','ENGINEERING',1),
('20020','20020','SRI WULAN ANDARI','QUALITY ASSURANCE',1),
('20021','20021','NAZIKHUL UMAM','PAINTING',1),
('20025','20025','HEPPY DEDY WAHYUDI','QUALITY ASSURANCE',1),
('20036','20036','FAISAL ALI AKBAR','LOGISTIC',1),
('20094','20094','DEVI CORIANTY CEVESTINA','FINANCE & ACCOUNT',1),
('20095','20095','CATUR WISTORO UNTUNG SUGIARTO','ENGINEERING',1),
('20102','20102','DARYONO','QUALITY ASSURANCE',1),
('20121','20121','SUDARMAN','MAINTENANCE',1),
('20123','20123','MUHAMAD AMBIA','PAINTING',1),
('20126','20126','FIRMAN ALAMSYAH','PAINTING',1),
('20133','20133','ERLANGGA SHABRI SYUKURIYANTO','PAINTING',1),
('20135','20135','SUHARYANTO','PAINTING',1),
('20137','20137','RUN ALPRIYONO','PAINTING',1),
('20138','20138','AJI TOMAS','PAINTING',1),
('20140','20140','RAMDAN','PAINTING',1),
('20143','20143','HERI AFIATNA','PAINTING',1),
('20146','20146','BAYU AJI WICAKSONO','PAINTING',1),
('20148','20148','RANDY RENALDI GOUTAMA','PAINTING',1),
('20157','20157','SLAMET WIDODO','PAINTING',1),
('20161','20161','ANDRIAS  NUGRAHA','PAINTING',1),
('20163','20163','PURWANTO','PAINTING',1),
('20180','20180','MAKSUM','PAINTING',1),
('20181','20181','DEDI ISKANDAR','PAINTING',1),
('20182','20182','YADI ROSADI','PAINTING',1),
('20185','20185','M TARMUJI','PAINTING',1),
('20187','20187','SANDY ANGGIARDI','PAINTING',1),
('20188','20188','AMIR SAPUTRA','PAINTING',1),
('20189','20189','SUTRISNO','PAINTING',1),
('20191','20191','FIRDAUS AJHARI','PAINTING',1),
('20193','20193','SUHENDI','PAINTING',1),
('20194','20194','BAYU WIBOWO','PAINTING',1),
('20202','20202','RITA FEBRIANA','PAINTING',1),
('20203','20203','ASTIYANI','PAINTING',1),
('20211','20211','PUTRI SEPTIAWATI AMELIA','PAINTING',1),
('20214','20214','CHANDRA BARKAH','PAINTING',1),
('20215','20215','ARDI SETIAWAN','PAINTING',1),
('20220','20220','MUHAMMAD FAJRI','PAINTING',1),
('20221','20221','ADE LIANDI','PAINTING',1),
('20223','20223','MUHAMAD ISRO','PAINTING',1),
('20229','20229','ARI SETIYAWAN','PAINTING',1),
('20231','20231','RAHMAT YULIANTO','PAINTING',1),
('20237','20237','SOBARI MUAMAR KHADAFI','PAINTING',1),
('20238','20238','GUNAWAN','PAINTING',1),
('20240','20240','GILANG PUTRA PRATAMA','PAINTING',1),
('20246','20246','OKY SETYA UMBARA','MAINTENANCE',1),
('20248','20248','RIDHO KURNIYAWAN','LOGISTIC',1),
('20250','20250','ACE HIDAYAT','PAINTING',1),
('20262','20262','DEA ROMADONA','PAINTING',1),
('20263','20263','DADAN NURYADIN','QUALITY ASSURANCE',1),
('20264','20264','ADELIA  ANGGRAINI','PAINTING',1),
('20266','20266','IQBAL BAHTIAR','PAINTING',1),
('20267','20267','ANTONI PRADANA','PAINTING',1),
('20269','20269','ANGGA DIARA SYAHRIF RIPANSA','PAINTING',1),
('20271','20271','DANIKA','PAINTING',1),
('20274','20274','IRPAN FAUZI','QUALITY ASSURANCE',1),
('20275','20275','ASTRI AYU RAHMAWATI','PURCHASING',1),
('20276','20276','ARYANI RAMADHAN','PAINTING',1),
('20277','20277','SITI NURAMANAH','PAINTING',1),
('20280','20280','YUNIATI NINGSIH','PAINTING',1),
('20281','20281','DWI KURNIASIH','PAINTING',1),
('20287','20287','MEGA NURLILAH','PAINTING',1),
('20305','20305','FAJAR MAULANA','QUALITY ASSURANCE',1),
('20307','20307','IING ZAENAL ARIFIN','QUALITY ASSURANCE',1),
('20314','20314','DIAN MARDIYANAH','PAINTING',1),
('20334','20334','INDAH MEGAWATI','PAINTING',1),
('20336','20336','AYOEB SYUHADA','INJECTION',1),
('20341','20341','RISNA NURJANAH','MANAGEMENT SECRETARI',1),
('20342','20342','ALFIAN NUGRAHA','LOGISTIC',1),
('20345','20345','ENJANG PRASETYA SISWANTO','MAINTENANCE',1),
('20348','20348','AGUNG PRASETYA','MAINTENANCE',1),
('20349','20349','ASEP SAEPULLAH','MAINTENANCE',1),
('20352','20352','IWAN SARKIWAN','INJECTION',1),
('20355','20355','ANJAR PURNAMA','MAINTENANCE',1),
('20356','20356','SABAR WIDODO','LOGISTIC',1),
('20377','20377','SYARIF NUGROHO','IT',1),
('20379','20379','MARWONO','MAINTENANCE',1),
('20382','20382','WAHYUDIN','LOGISTIC',1),
('20384','20384','RIZKY SETIAWAN','QUALITY ASSURANCE',1),
('20386','20386','YUNUS SUHENDAR','LOGISTIC',1),
('20389','20389','CHAIRUL ANWAR','INJECTION',1),
('20390','20390','ADE IWAN SUTRISNO','PLANNING',1),
('20391','20391','MUHAMMAD BAMBANG WIJANARKO','MAINTENANCE',1),
('20392','20392','MARCO YULIANTO PURNOMO','PURCHASING',1),
('20395','20395','REZA SEPTIAN','GA',1),
('20396','20396','IRFAN GUMILAR','MAINTENANCE',1),
('20397','20397','KHAIRU ISNANTO','ENGINEERING',1),
('20398','20398','RAHMAT RAMDHANI','PLANNING',1),
('20399','20399','ILHAM SAPUTRA','GA',1),
('20400','20400','OKTANAREF CHRISTIAN KAKIAY','HRD',1),
('20403','20403','ILONA TESSA VANYA MAMESAH','MAINTENANCE',1),
('20404','20404','NOFIAR HADIYANA','ENGINEERING',1),
('20406','20406','KURNIAWAN','LOGISTIC',1),
('20407','20407','ENGGAR KARTIKA SARI','PAINTING',1),
('20408','20408','HERI SUTANDI','QUALITY ASSURANCE',1),
('20409','20409','BEJO YUHLIONO','QUALITY ASSURANCE',1),
('20411','20411','SUHAYA','QUALITY ASSURANCE',1),
('20412','20412','MUJIONO','ASSEMBLING',1),
('20413','20413','YULIANTO PUJI WIDODO','INJECTION',1),
('20414','20414','RUSMIATI','IT',1),
('20415','20415','YULI ERWIN NIANTO','QUALITY ASSURANCE',1),
('20416','20416','DENI HERMANTO','MAINTENANCE',1),
('20417','20417','KIKI PRASTIYA','QUALITY ASSURANCE',1),
('20418','20418','ANDRE YUDHA PRADANA','QUALITY ASSURANCE',1),
('20420','20420','GANTENG PRAWIRA','QUALITY ASSURANCE',1),
('20421','20421','FACHRUR ROZI','ENGINEERING',1),
('20422','20422','FEBIANI','PLANNING',1),
('20423','20423','EGI MUHARI','QUALITY ASSURANCE',1),
('20424','20424','JAYA YOGASWARA','ASSEMBLING',1),
('20425','20425','DAVID INDRA','PLANNING',1),
('20426','20426','LANGGENG WIDODO','LOGISTIC',1),
('20427','20427','TRIYATNO','LOGISTIC',1),
('20428','20428','RISKA ANATASYA','PAINTING',1),
('20429','20429','AHMAD WAHID MUSAFAK','MAINTENANCE',1),
('20430','20430','GALIH SANDI WISASTRA','MAINTENANCE',1),
('20431','20431','WIDYA HERMANU AJI','LOGISTIC',1),
('20432','20432','AGUS MURSIDI','LOGISTIC',1),
('20433','20433','DIO KRISDIANTO','LOGISTIC',1),
('20434','20434','SLAMET EKO WINANJAR','LOGISTIC',1),
('20435','20435','ANDIKA DUWI PRAYETNO','ASSEMBLING',1),
('20436','20436','MOHAMMAD RUDISANTO','ASSEMBLING',1),
('20437','20437','DITA HARYANTO','LOGISTIC',1),
('20438','20438','HENDRAWAN','QUALITY ASSURANCE',1),
('20439','20439','DENI TRIYANTO','PAINTING',1),
('20440','20440','ABDUL ROHMAN','PAINTING',1),
('20441','20441','DANI DARMAWAN','INJECTION',1),
('20442','20442','KAYATULOH BIN MASURI','PAINTING',1),
('20443','20443','KUSDIYANTO','PAINTING',1),
('20444','20444','ENDANG SULAEMAN','PAINTING',1),
('20445','20445','ADE IRWAN BIN JAHRODIN','LOGISTIC',1),
('20446','20446','PRATAMA NUGROHO','QUALITY ASSURANCE',1),
('20447','20447','BAYU RAHADANDI PUTRA','PAINTING',1),
('20448','20448','NENDI SEPTIANDI','PAINTING',1),
('20449','20449','ROHMAN NURSYEHA','PAINTING',1),
('20450','20450','SUWANDI','QUALITY ASSURANCE',1),
('20453','20453','MUHAMAD DIAR ALFA GINA','PAINTING',1),
('20454','20454','ANDI','PAINTING',1),
('20455','20455','SULAIMAN','PAINTING',1),
('20456','20456','ANGGIT PRASTIO AJI','QUALITY ASSURANCE',1),
('20457','20457','KRESNA NURSI','QUALITY ASSURANCE',1),
('20458','20458','SETYA BUDIANTO','PAINTING',1),
('20459','20459','DANDI RAMDANI','PAINTING',1),
('20460','20460','THIO NIKO','QUALITY ASSURANCE',1),
('20461','20461','IDA KRISTIA NINGRUM','PAINTING',1),
('20462','20462','YUNITASARI','PAINTING',1),
('20463','20463','SUPARTO','QUALITY ASSURANCE',1),
('20464','20464','DANNY PRASETYO','QUALITY ASSURANCE',1),
('20465','20465','GUGUN GUNAWAN','PAINTING',1),
('20466','20466','SUHENDI','PAINTING',1),
('20467','20467','TOMI HARYANA','INJECTION',1),
('20468','20468','ARIS MUAMAR','PAINTING',1),
('20469','20469','SUSI WINARNI','QUALITY ASSURANCE',1),
('20470','20470','ARDI SETIAWAN','QUALITY ASSURANCE',1),
('20471','20471','QOHARUDIEN AL WAHID','INJECTION',1),
('20472','20472','MUHAMAD','INJECTION',1),
('20473','20473','AYU LAELAWATI','ASSEMBLING',1),
('20474','20474','YULIA CITRA','ASSEMBLING',1),
('20475','20475','IIN SUHARTINI','ASSEMBLING',1),
('20476','20476','DENI SAEFPULOH','ASSEMBLING',1),
('20477','20477','GANDA PRIYANTO','ASSEMBLING',1),
('20478','20478','IRPAN NURJAMAN','PAINTING',1),
('20479','20479','AMELIA CAROLINA SIRAIT','PAINTING',1),
('20480','20480','KHOERULLAH','PAINTING',1),
('20481','20481','YANTI KUSPITASARI','PAINTING',1),
('20482','20482','ANWAR HIDAYAT','PAINTING',1),
('20483','20483','AJIS SULIS SUTOMO','PAINTING',1),
('20485','20485','NOVI INDAH TRIYANA','PAINTING',1),
('20486','20486','ASEP SOFIAN','PAINTING',1),
('20487','20487','RAHMAT ILAHI','PAINTING',1),
('20488','20488','RAHMAT','PAINTING',1),
('20490','20490','RIYAN HIDAYAT','PAINTING',1),
('20491','20491','KHOLIS','PAINTING',1),
('20492','20492','SUPARMAN','PAINTING',1),
('20493','20493','RAMA SULTAN KOMARA','PAINTING',1),
('20494','20494','USMAN NABAWI','PAINTING',1),
('20495','20495','MITA OKTARIA','PAINTING',1),
('20496','20496','ROBI ABDULLAH','PAINTING',1),
('20497','20497','HIMATUL KHOERIAH','PAINTING',1),
('20498','20498','MAYA SYAROH','PAINTING',1),
('20499','20499','KARNA','PAINTING',1),
('20500','20500','MIFTAHUDIN','PAINTING',1),
('20501','20501','ISKANDAR SUNARDI','PAINTING',1),
('20503','20503','SELA SYARIANTI','PAINTING',1),
('20504','20504','JAMALUDIN','PAINTING',1),
('20505','20505','RAMDANI MUHAMAD ABDUL MALIK','LOGISTIC',1),
('20506','20506','KOMARUDIN','LOGISTIC',1),
('20507','20507','YANA TARYANA','MAINTENANCE',1),
('20508','20508','JULIA PRATIWI','GA',1),
('20509','20509','ASEP ARSIM','PAINTING',1),
('20511','20511','KURNIA','INJECTION',1),
('20512','20512','TEDI WIJAYA','LOGISTIC',1),
('20513','20513','HENDRA HERMAWAN','QUALITY ASSURANCE',1),
('20514','20514','CHOERUL BHAKTI SEBTIYANTO','INJECTION',1),
('20515','20515','GUMILAR FATUROHMAN','QUALITY ASSURANCE',1),
('20516','20516','YOGI RIYANTO','PAINTING',1),
('20517','20517','IPAN','QUALITY ASSURANCE',1),
('20518','20518','ANDREYANA','MAINTENANCE',1),
('20519','20519','TEGUH PRIBADI','PAINTING',1),
('20520','20520','RENDI SETIADI','MAINTENANCE',1),
('20522','20522','RANGGA DWI YANWAR','PLANNING',1),
('20523','20523','GIZHA ARDIFA MALIKI','ENGINEERING',1),
('20524','20524','MAKNUN','PAINTING',1),
('20525','20525','NOVI PRAMINTO AJI','PAINTING',1),
('20526','20526','RIRI ANDRIAS MAYUDI','QUALITY ASSURANCE',1),
('20527','20527','IRPAN SODIKIN','PAINTING',1),
('20528','20528','GIYATMO','PAINTING',1),
('20529','20529','SITI PATONAH','PAINTING',1),
('20530','20530','DEDE AHMAD FAUZI','LOGISTIC',1),
('20531','20531','RIYAN MUJIONO','QUALITY ASSURANCE',1),
('20532','20532','IWAN KURNIAWAN','QUALITY ASSURANCE',1),
('20533','20533','IYAN SURYA AGUNG','PAINTING',1),
('20534','20534','DIAN PURNAMA SARI','PAINTING',1),
('20535','20535','LILIS KARLINAH','PAINTING',1),
('20536','20536','EKO SRINOTO','PAINTING',1),
('20537','20537','YUSI KARLINDA','PLANNING',1),
('20538','20538','TRI NOVI SUSANTI','QUALITY ASSURANCE',1),
('20539','20539','FERRY FERNICO','MAINTENANCE',1),
('20540','20540','MAMAN IMANUDDIN','MAINTENANCE',1),
('20541','20541','PUJIO SISWORO','QUALITY ASSURANCE',1),
('20542','20542','DEDE MUHIDIN','QUALITY ASSURANCE',1),
('20543','20543','ROY FAHMI USMAN','MAINTENANCE',1),
('20544','20544','SUGENG PRIYADI','QUALITY ASSURANCE',1),
('50236','50236','IRFAN IRFIANSYAH','LOGISTIC',1),
('50241','50241','DENI KURNIAWAN','PAINTING',1),
('50242','50242','AGUS MARYADI','PAINTING',1),
('50243','50243','USIN','LOGISTIC',1),
('50245','50245','APRIANO','QUALITY ASSURANCE',1),
('50251','50251','DIAN RISTIANA','PAINTING',1),
('50252','50252','ANWAR SANUSI','PAINTING',1),
('50253','50253','JIDAN RIFAI','PAINTING',1),
('50254','50254','MOHAMAD MARDANI','PAINTING',1),
('50255','50255','RAHMAT HIDAYAT','PAINTING',1),
('50257','50257','NINGRUM FARIDA','ASSEMBLING',1),
('50259','50259','ADRYAN SAURI','LOGISTIC',1),
('50261','50261','ENING RAHAYU','PAINTING',1),
('50262','50262','RISKI PANDU JAYA','ASSEMBLING',1),
('50263','50263','KHOIRIL ANAM','ASSEMBLING',1),
('50264','50264','SEPTIANTO','ASSEMBLING',1),
('50265','50265','AGAM DARMANSYAH','LOGISTIC',1),
('50267','50267','ANA NASHORI','PAINTING',1),
('50269','50269','ENJANG HADID','PAINTING',1),
('50270','50270','ANDRI NURMAN FIRDAUS','PAINTING',1),
('50271','50271','MUKTI WIBOWO','ASSEMBLING',1),
('50272','50272','ARI SUSANTO','QUALITY ASSURANCE',1),
('50273','50273','IRFANSYAH','ASSEMBLING',1),
('50274','50274','NJANG HADI SURYANA','LOGISTIC',1),
('50276','50276','EMAN SULAEMAN','INJECTION',1),
('50277','50277','MAHBUB MUFAROJJ AL-ANSORI','ASSEMBLING',1),
('50278','50278','ADE BUDI ANGGORO','ASSEMBLING',1),
('50280','50280','TOMI UTOMO','LOGISTIC',1),
('50283','50283','SAEFUL BAHRI','LOGISTIC',1),
('50284','50284','AAN ABDALLAH ALFIANSYAH','LOGISTIC',1),
('50287','50287','ASEP BARUNA','PAINTING',1),
('50289','50289','FUAD HASAN','PAINTING',1),
('50290','50290','DICKY SETIAWAN','PAINTING',1),
('50291','50291','JENAL ABIDIN','MAINTENANCE',1),
('50292','50292','YUNINGRAT','PAINTING',1),
('50293','50293','NURUL HASANAH','PAINTING',1),
('50294','50294','ANGGIH PRIMANDIRI PUTRA','MAINTENANCE',1),
('50295','50295','APIP MUHAMAD TOPIK','PAINTING',1),
('50296','50296','OKI ZAHARI PUTRA','PAINTING',1),
('50297','50297','KHOZINUL ASROR','PAINTING',1),
('50298','50298','ANDRIAN PAMUNGKAS','PAINTING',1),
('50299','50299','ARIE WIBOWO','QUALITY ASSURANCE',1),
('50300','50300','ANDRI SETYAWAN','PAINTING',1),
('50301','50301','TIO SEPTIAN','INJECTION',1),
('50303','50303','HASANUDIN','MAINTENANCE',1),
('50304','50304','AGUNG SAPUTRA','PAINTING',1),
('50306','50306','ANDINI WULANSARI','PAINTING',1),
('50307','50307','CAHYADI','PAINTING',1),
('50308','50308','DENTOPAN KARTAWIJAYA','PAINTING',1),
('50309','50309','DWI AINUN AZIZAH','PAINTING',1),
('50310','50310','ELLA MULYANI','PAINTING',1),
('50312','50312','HERU IBNU MULYANA','PAINTING',1),
('50313','50313','IDA ROSAENI','PAINTING',1),
('50315','50315','KRISTIANINGRUM','PAINTING',1),
('50316','50316','KUSNIAWATI','PAINTING',1),
('50317','50317','MARFUAH','PAINTING',1),
('50318','50318','NOVI APRIANTO','PAINTING',1),
('50319','50319','RIKI NANDI','PAINTING',1),
('50321','50321','TIO OKTABASTIAR','PAINTING',1),
('50322','50322','WAHYU YUDA PERMANA','PAINTING',1),
('50323','50323','AANG YUDISTIRA','GA',1),
('50324','50324','HERISYAH IRWANTO','ASSEMBLING',1),
('50326','50326','TRI AJI AMALIANA','PAINTING',1),
('50328','50328','ZAHRUL ARIZAL','PAINTING',1),
('50329','50329','TYAS HANIFAN MUSLIMAH','PAINTING',1),
('50330','50330','MUHAMMAD IRFAN AKBAR M.','ASSEMBLING',1),
('50331','50331','HERU DAMANIK','ASSEMBLING',1),
('50334','50334','AHMAD SUNARDI','INJECTION',1),
('50335','50335','ROBI RAMLI','INJECTION',1),
('50336','50336','FARHAN RAMDANI','INJECTION',1),
('50337','50337','ANDREAN NUR CHOLIS','INJECTION',1),
('50338','50338','WAHYUDI','ASSEMBLING',1),
('50339','50339','ANTON SOVIAN','ASSEMBLING',1),
('50340','50340','MOCHAMAD HARIS FAISAL','ASSEMBLING',1),
('50341','50341','AJI TRIANTO','INJECTION',1),
('50342','50342','TEGUH PAMUJI','PAINTING',1),
('50344','50344','ABDUL MAJID OKTA','ASSEMBLING',1),
('50345','50345','DWI ANDI PARWANTO','ASSEMBLING',1),
('50346','50346','IKHSAN KURNIAWAN','ASSEMBLING',1),
('50349','50349','WARJI SETIAWAN','GA',1),
('50350','50350','ARVAN MAULANA','PAINTING',1),
('50351','50351','JAJANG KOMARUDIN','PAINTING',1),
('50352','50352','MONIKA APRILIA','ASSEMBLING',1),
('50353','50353','ANGGI LESTARI','PAINTING',1),
('50354','50354','MOH. SYAFIKUL AZIZ','PAINTING',1),
('50355','50355','JULI PRASETYO','PAINTING',1),
('50356','50356','MUHAMMAD NOVAL UBAIDILLAH','PAINTING',1),
('50357','50357','IRMA LISTIOWATI','ASSEMBLING',1),
('50358','50358','CINDI LIDDIYANTI SOBIRIN PUTRI','PAINTING',1),
('50360','50360','DIAN ISLAMI','PAINTING',1),
('50361','50361','MUZAIMATUL FITRI AL MUNAWAROH','PAINTING',1),
('50362','50362','CRISTINA LIZA TRI','PAINTING',1),
('50363','50363','NURHAYATI','PAINTING',1),
('50364','50364','SITI NUR FATIMAH','PAINTING',1),
('50365','50365','MASRUROH RACHMAFIYATI','PAINTING',1),
('50366','50366','VANIA ANGGI MAYMUNAH','PAINTING',1),
('50367','50367','TIAS DWI RAHMAWATI','PAINTING',1),
('50368','50368','PUTRI YULYIAN','PAINTING',1),
('50371','50371','AHMAD DANI PRASETYO','ASSEMBLING',1),
('50372','50372','FRANSISKO NABABAN','LOGISTIC',1),
('50373','50373','AL HADI NOVIANSYAH','GA',1),
('50374','50374','JAKA NUGKIANTANA','ASSEMBLING',1),
('50376','50376','NURI NURHAYATI','PAINTING',1),
('50377','50377','DEDE SETIAWAN','PAINTING',1),
('50378','50378','YOGI SUPRAYOGI','PAINTING',1),
('50379','50379','ENDY MAHSAN','PAINTING',1),
('50380','50380','ENCEP HERLAMBANG','PAINTING',1),
('50381','50381','DILAIS','PAINTING',1),
('50383','50383','VICKY KURNIAWAN','PAINTING',1),
('50384','50384','ARIFIN','PAINTING',1),
('50386','50386','ALWI MUHAMAD BAKRI','MAINTENANCE',1),
('50387','50387','ARI DARMAWAN','PAINTING',1),
('50388','50388','DICKY WAHYUDI','PAINTING',1),
('50390','50390','BAYU NUGRAHA','INJECTION',1),
('50391','50391','SINDI CLAUDIA','PAINTING',1),
('50392','50392','IMAS TUTI A','PAINTING',1),
('50393','50393','KOMALASARI','PAINTING',1),
('50394','50394','MULYANI','PAINTING',1),
('50395','50395','BARJA DIPURA','PAINTING',1),
('50396','50396','ASEP HIDAYAT','PAINTING',1),
('50397','50397','HERU SYAEPULLOH','PAINTING',1),
('50398','50398','SONI HERMAWAN','PAINTING',1),
('50399','50399','M. RIDKI AZHARI','LOGISTIC',1),
('50400','50400','DEVIA KUSMAYANTI','PAINTING',1),
('50401','50401','DEDI FAJAR YUDA H.','PAINTING',1),
('50402','50402','SYIHABUL MILAH','PAINTING',1),
('50403','50403','M. HASAN','LOGISTIC',1),
('50404','50404','FEBI SAFITRI','PAINTING',1),
('50405','50405','M. REZZA SUHERNA','LOGISTIC',1),
('50406','50406','ISMAIL ABDULLAH','MAINTENANCE',1),
('50407','50407','INTAN SEPTRIYANTI','PAINTING',1),
('50408','50408','SUNARTI','PAINTING',1),
('50413','50413','DADAN NURMANSYAH','INJECTION',1),
('50414','50414','JAJANG RICKY','PAINTING',1),
('50415','50415','WILDAN MUBAROK','PAINTING',1),
('50416','50416','YENI ARDILA','PAINTING',1),
('50417','50417','SINDY SITYANA SUHENDY','PAINTING',1),
('50418','50418','NETTY KRISTINA SIANIPAR','PAINTING',1),
('50419','50419','YULINAH','PAINTING',1),
('50420','50420','MUHAMMAD NEVAN RIZKIANSY','PAINTING',1),
('50421','50421','DENI PANGESTU','PAINTING',1),
('50422','50422','SUHENDRA','PAINTING',1),
('50423','50423','WAWAN HERMAWAN','PAINTING',1),
('50424','50424','BRIAN SENOAJI','PAINTING',1),
('50425','50425','SUHADA','PAINTING',1),
('50426','50426','WIDYA AFRIANA','PAINTING',1),
('50427','50427','ELVIN SAPUTRA','PAINTING',1),
('50428','50428','EKO WIJAYA','PAINTING',1),
('50429','50429','BAMBANG WIBISONO','PAINTING',1),
('50430','50430','ANGEAN KURNIAWAN','PAINTING',1),
('50431','50431','ANJAS SOPIANA','PAINTING',1),
('50432','50432','NANA NURYANA','PAINTING',1);

/*Table structure for table `request_d` */

DROP TABLE IF EXISTS `request_d`;

CREATE TABLE `request_d` (
  `id_sub` int(11) NOT NULL AUTO_INCREMENT,
  `id_h` int(11) DEFAULT NULL,
  `req_no` varchar(20) NOT NULL,
  `itm_cd` varchar(20) DEFAULT NULL,
  `qty` int(11) DEFAULT NULL,
  `req_h` varchar(20) DEFAULT NULL,
  `Remark` varchar(20) DEFAULT NULL,
  PRIMARY KEY (`id_sub`)
) ENGINE=InnoDB AUTO_INCREMENT=3 DEFAULT CHARSET=latin1;

/*Data for the table `request_d` */

/*Table structure for table `request_h` */

DROP TABLE IF EXISTS `request_h`;

CREATE TABLE `request_h` (
  `id` int(11) NOT NULL AUTO_INCREMENT,
  `req_h` varchar(20) NOT NULL,
  `date` date DEFAULT NULL,
  `date_create` datetime DEFAULT NULL,
  `user` varchar(20) DEFAULT NULL,
  `flag` int(11) DEFAULT NULL,
  `id_dept` varchar(20) DEFAULT NULL,
  PRIMARY KEY (`id`)
) ENGINE=InnoDB AUTO_INCREMENT=7 DEFAULT CHARSET=latin1;

/*Data for the table `request_h` */

insert  into `request_h`(`id`,`req_h`,`date`,`date_create`,`user`,`flag`,`id_dept`) values 
(1,'RH19070001','2019-07-10','0000-00-00 00:00:00','admin',1,'DEPT0004'),
(6,'RH21040001',NULL,'2021-04-07 03:32:52','admin',0,NULL);

/*Table structure for table `unit` */

DROP TABLE IF EXISTS `unit`;

CREATE TABLE `unit` (
  `unit_cd` varchar(20) NOT NULL,
  `unit_nm` varchar(50) DEFAULT NULL,
  PRIMARY KEY (`unit_cd`)
) ENGINE=InnoDB DEFAULT CHARSET=latin1;

/*Data for the table `unit` */

insert  into `unit`(`unit_cd`,`unit_nm`) values 
('BAG','BAG'),
('BAL','BAL'),
('BAR','BAR'),
('BOOK','BOOK'),
('BOX','BOX'),
('CAN','CAN'),
('CM','CM'),
('DAY','DAY'),
('GRAM','GRAM'),
('HOUR','HOUR'),
('KBK','METER KUBIK'),
('KG','KG'),
('LOT','LOT'),
('LSN','LUSIN'),
('LTR','LITER'),
('MM','mm'),
('MTH','MONTH'),
('MTR','METER'),
('PAIL','PAIL'),
('PAIR','PAIR'),
('PCK','PACK'),
('PCS','PCS'),
('PRSN','PERSON'),
('RIM','RIM'),
('ROL','ROLL'),
('SET','SET'),
('SHEET','SHEET'),
('TRL','TROLLY'),
('UNIT','UNIT'),
('Unit CD','Unit name'),
('YRS','YEARS');

/*Table structure for table `user` */

DROP TABLE IF EXISTS `user`;

CREATE TABLE `user` (
  `username` varchar(20) DEFAULT NULL,
  `password` varchar(20) DEFAULT NULL,
  `level` varchar(20) DEFAULT NULL,
  `id_dept` varchar(20) DEFAULT NULL
) ENGINE=InnoDB DEFAULT CHARSET=latin1;

/*Data for the table `user` */

insert  into `user`(`username`,`password`,`level`,`id_dept`) values 
('Syarif','syarif','admin','DEPT0003'),
('Candra','candra','admin','DEPT0002'),
('Julia','julia','admin','DEPT0001'),
('Rusmi','rusmi','admin','DEPT0004'),
('admin','admin','admin','DEPT0003');

/*!40101 SET SQL_MODE=@OLD_SQL_MODE */;
/*!40014 SET FOREIGN_KEY_CHECKS=@OLD_FOREIGN_KEY_CHECKS */;
/*!40014 SET UNIQUE_CHECKS=@OLD_UNIQUE_CHECKS */;
/*!40111 SET SQL_NOTES=@OLD_SQL_NOTES */;
